ID,Name,Experience,Skills,Education,Job Role,Salary
1,John,5,Java,Master,Software Developer,70000
2,Jane,3,Python,Bachelor,Data Analyst,60000
3,Bob,7,C++,PhD,Systems Analyst,80000
4,Sarah,2,JavaScript,Bachelor,Web Developer,55000
5,Anna,6,Python,Master,Data Scientist,85000
6,Mark,4,Java,PhD,Software Developer,75000
7,Samantha,5,C#,Bachelor,Systems Analyst,70000
8,Dave,3,JavaScript,Master,Web Developer,60000
9,Jennifer,7,Python,PhD,Data Scientist,90000
10,Michael,2,C++,Bachelor,Software Developer,55000
11,Emma,4,Java,Master,Data Analyst,65000
12,Oliver,6,C#,PhD,Systems Analyst,80000
13,Noah,3,JavaScript,Bachelor,Web Developer,60000
14,Liam,7,Python,Master,Data Scientist,90000
15,Ava,5,C++,PhD,Software Developer,75000
16,Sophia,4,Java,Bachelor,Systems Analyst,70000
17,Mia,6,C#,Master,Web Developer,80000
18,Charlotte,3,JavaScript,PhD,Data Scientist,65000
19,Amelia,7,Python,Bachelor,Software Developer,90000
20,Harper,5,C++,Master,Systems Analyst,75000
21,James,5,Python,Master,Data Analyst,72000
22,William,3,C++,Bachelor,Software Developer,61000
23,Logan,7,Java,PhD,Data Scientist,82000
24,Benjamin,2,JavaScript,Master,Web Developer,58000
25,Elijah,6,Python,Bachelor,Systems Analyst,76000
26,Lucas,4,C#,PhD,Data Scientist,88000
27,Mason,5,JavaScript,Master,Software Developer,73000
28,Ethan,3,Python,Bachelor,Data Analyst,62000
29,Alexander,7,C++,PhD,Systems Analyst,81000
30,Daniel,2,Java,Bachelor,Web Developer,56000
31,William,4,Python,Master,Data Scientist,87000
32,Joseph,6,C++,PhD,Software Developer,74000
33,Samuel,5,Java,Bachelor,Systems Analyst,71000
34,Henry,3,C#,Master,Web Developer,63000
35,Jack,7,JavaScript,PhD,Data Scientist,91000
36,Sebastian,2,Python,Bachelor,Software Developer,57000
37,Owen,4,C++,Master,Systems Analyst,78000
38,Lincoln,6,Java,PhD,Data Scientist,83000
39,Carter,5,JavaScript,Master,Software Developer,74000
40,Wyatt,3,Python,Bachelor,Data Analyst,64000
41,Julian,7,C++,PhD,Systems Analyst,82000
42,Grayson,2,Java,Bachelor,Web Developer,59000
43,Leo,4,Python,Master,Data Scientist,86000
44,Aaron,6,C#,PhD,Software Developer,75000
45,Colton,5,JavaScript,Bachelor,Systems Analyst,72000
46,Ezra,3,Python,Master,Web Developer,65000
47,Elias,7,C++,PhD,Data Scientist,84000
48,Luke,2,Java,Bachelor,Software Developer,60000
49,Landon,4,Python,Master,Data Analyst,88000
50,Xavier,6,C++,PhD,Systems Analyst,79000